site_plotid_time_azimuth,sum_d2_1000r_cm2,sum_d2_1000s_cm2
Antelope_Antelope02_2020_prefire_NA_0,3481,0
Antelope_Antelope03_2020_prefire_NA_0,0,428.49
Antelope_Antelope05_2020_prefire_NA_0,0,299.29
Antelope_Antelope06_2020_prefire_NA_0,0,625
Antelope_Antelope10_2020_prefire_NA_0,2401,0
Antelope_Antelope10_2020_prefire_NA_180,1225,0
Antelope_Antelope12_2020_prefire_NA_270,0,361
Antelope_Antelope13_2020_prefire_NA_180,0,342.25
Antelope_Antelope14_2020_prefire_NA_270,0,462.25
Antelope_Antelope14_2020_prefire_NA_90,1640.25,0
Antelope_Antelope16_2020_prefire_NA_90,0,1056.25
Antelope_Antelope18_2020_prefire_NA_0,0,1106.5
Antelope_Antelope18_2020_prefire_NA_270,676,0
Antelope_Antelope18_2020_prefire_NA_90,676,900
Antelope_Antelope19_2020_prefire_NA_180,0,342.25
bearmountain_BM1_2019_prefire_NA_0,0,121
bearmountain_BM10_2019_postfire_immediate_0,100,0
bearmountain_BM10_2019_postfire_immediate_270,0,1241
bearmountain_BM10_2019_prefire_NA_0,0,110.25
bearmountain_BM10_2019_prefire_NA_180,0,196
bearmountain_BM10_2019_prefire_NA_90,0,1000
bearmountain_BM11_2019_postfire_immediate_0,0,576
bearmountain_BM11_2019_postfire_immediate_270,0,210.25
bearmountain_BM11_2019_prefire_NA_0,0,169
bearmountain_BM12_2019_postfire_immediate_180,0,1525
bearmountain_BM12_2019_postfire_immediate_270,0,800
bearmountain_BM12_2019_postfire_immediate_90,0,169
bearmountain_BM12_2019_prefire_NA_0,0,6484
bearmountain_BM12_2019_prefire_NA_180,0,1885
bearmountain_BM12_2019_prefire_NA_270,0,3314
bearmountain_BM12_2019_prefire_NA_90,256,0
bearmountain_BM13_2019_postfire_immediate_180,0,1600
bearmountain_BM13_2019_postfire_immediate_90,0,324
bearmountain_BM13_2019_prefire_NA_180,0,576
bearmountain_BM13_2019_prefire_NA_90,0,289
bearmountain_BM14_2019_postfire_immediate_0,289,993
bearmountain_BM15_2019_postfire_immediate_90,0,548
bearmountain_BM15_2019_prefire_NA_270,0,121
bearmountain_BM16_2019_prefire_NA_90,0,2096.41
bearmountain_BM17_2019_postfire_immediate_0,0,942.49
bearmountain_BM17_2019_postfire_immediate_270,0,1024
bearmountain_BM17_2019_postfire_immediate_90,0,2304
bearmountain_BM17_2019_prefire_NA_0,0,729
bearmountain_BM17_2019_prefire_NA_270,0,1122.25
bearmountain_BM17_2019_prefire_NA_90,0,3109.66
bearmountain_BM18_2019_postfire_immediate_180,0,102.01
bearmountain_BM18_2019_postfire_immediate_90,0,361
bearmountain_BM18_2019_prefire_NA_180,0,100
bearmountain_BM18_2019_prefire_NA_90,0,949
bearmountain_BM19_2019_postfire_immediate_180,0,1296
bearmountain_BM19_2019_prefire_NA_180,0,1656.49
bearmountain_BM19_2019_prefire_NA_270,0,400
bearmountain_BM19_2019_prefire_NA_90,0,900
bearmountain_BM2_2019_prefire_NA_90,0,169
bearmountain_BM20_2019_postfire_immediate_0,0,985
bearmountain_BM20_2019_postfire_immediate_180,0,225
bearmountain_BM20_2019_postfire_immediate_270,0,400
bearmountain_BM20_2019_prefire_NA_0,0,3025.25
bearmountain_BM20_2019_prefire_NA_180,169,289
bearmountain_BM20_2019_prefire_NA_270,0,2147.76
bearmountain_BM22_2019_prefire_NA_270,0,144
bearmountain_BM22_2019_prefire_NA_90,0,100
bearmountain_BM23_2019_postfire_immediate_270,0,225
bearmountain_BM23_2019_prefire_NA_0,0,256
bearmountain_BM23_2019_prefire_NA_270,0,985
bearmountain_BM23_2019_prefire_NA_90,0,553.89
bearmountain_BM24_2019_postfire_immediate_0,0,90.25
bearmountain_BM24_2019_prefire_NA_180,0,325
bearmountain_BM25_2019_postfire_immediate_180,0,1600
bearmountain_BM25_2019_postfire_immediate_270,0,2500
bearmountain_BM25_2019_prefire_NA_180,0,2500
bearmountain_BM25_2019_prefire_NA_270,0,3127.96
bearmountain_BM26_2019_postfire_immediate_0,0,81
bearmountain_BM26_2019_postfire_immediate_270,0,72.25
bearmountain_BM26_2019_postfire_immediate_90,0,110.25
bearmountain_BM26_2019_prefire_NA_0,0,1089
bearmountain_BM26_2019_prefire_NA_270,0,64
bearmountain_BM26_2019_prefire_NA_90,0,190.25
bearmountain_BM27_2019_postfire_immediate_0,0,555.29
bearmountain_BM27_2019_postfire_immediate_180,0,388
bearmountain_BM27_2019_postfire_immediate_270,0,569
bearmountain_BM27_2019_postfire_immediate_90,100,0
bearmountain_BM27_2019_prefire_NA_0,0,485
bearmountain_BM27_2019_prefire_NA_180,0,685
bearmountain_BM27_2019_prefire_NA_270,0,221
bearmountain_BM27_2019_prefire_NA_90,0,868
bearmountain_BM3_2019_postfire_immediate_0,0,850
bearmountain_BM3_2019_postfire_immediate_90,0,1225
bearmountain_BM3_2019_prefire_NA_0,0,961
bearmountain_BM3_2019_prefire_NA_180,169,169
bearmountain_BM3_2019_prefire_NA_90,0,2425
bearmountain_BM4_2019_prefire_NA_180,0,324
bearmountain_BM5_2019_postfire_immediate_0,390,0
bearmountain_BM5_2019_postfire_immediate_180,550,591.76
bearmountain_BM5_2019_postfire_immediate_270,0,400
bearmountain_BM6_2019_postfire_immediate_270,0,144
bearmountain_BM6_2019_prefire_NA_270,361,2657
bearmountain_BM7_2019_prefire_NA_270,0,392.04
bearmountain_BM9_2019_postfire_immediate_0,0,1444
bearmountain_BM9_2019_postfire_immediate_180,0,2078
bearmountain_BM9_2019_postfire_immediate_90,0,2088
bearmountain_BM9_2019_prefire_NA_180,0,845
bearmountain_BM9_2019_prefire_NA_90,0,2314
BlissSP_bliss1_2019_prefire_NA_180,0,729
BlissSP_bliss1_2019_prefire_NA_270,15625,0
BlissSP_bliss1_2019_prefire_NA_90,0,1225
BlissSP_bliss10_2019_prefire_NA_0,0,225
BlissSP_bliss10_2019_prefire_NA_180,12665,0
BlissSP_bliss10_2019_prefire_NA_270,324,225
BlissSP_bliss10_2019_prefire_NA_90,1665,784
BlissSP_bliss11_2019_prefire_NA_0,4489,121
BlissSP_bliss11_2019_prefire_NA_180,0,1156
BlissSP_bliss11_2019_prefire_NA_270,0,289
BlissSP_bliss12_2019_prefire_NA_180,2045,0
BlissSP_bliss13_2019_prefire_NA_0,0,121
BlissSP_bliss13_2019_prefire_NA_90,0,196
BlissSP_bliss14_2019_prefire_NA_0,0,179.09
BlissSP_bliss14_2019_prefire_NA_180,0,395.09
BlissSP_bliss14_2019_prefire_NA_270,0,4020
BlissSP_bliss14_2019_prefire_NA_90,0,529
BlissSP_bliss15_2019_prefire_NA_180,635.56,719.24
BlissSP_bliss15_2019_prefire_NA_270,1585,0
BlissSP_bliss2_2019_prefire_NA_0,22500,0
BlissSP_bliss2_2019_prefire_NA_180,2925,0
BlissSP_bliss2_2019_prefire_NA_270,462.25,0
BlissSP_bliss3_2019_prefire_NA_0,0,850
BlissSP_bliss3_2019_prefire_NA_180,8100,5790
BlissSP_bliss3_2019_prefire_NA_270,1156,1089
BlissSP_bliss3_2019_prefire_NA_90,0,729
BlissSP_bliss4_2019_prefire_NA_180,0,9936
BlissSP_bliss4_2019_prefire_NA_270,0,1021
BlissSP_bliss4_2019_prefire_NA_90,164,1225
BlissSP_bliss5_2019_prefire_NA_0,4900,0
BlissSP_bliss5_2019_prefire_NA_270,1600,2500
BlissSP_bliss5_2019_prefire_NA_90,81,3913
BlissSP_bliss6_2019_prefire_NA_0,0,18754
BlissSP_bliss6_2019_prefire_NA_180,8100,0
BlissSP_bliss6_2019_prefire_NA_270,0,10269.81
BlissSP_bliss6_2019_prefire_NA_90,0,1908.76
BlissSP_bliss7_2019_prefire_NA_0,900,36
BlissSP_bliss7_2019_prefire_NA_180,3988,0
BlissSP_bliss7_2019_prefire_NA_270,942.5,529
BlissSP_bliss8_2019_prefire_NA_0,0,394
BlissSP_bliss8_2019_prefire_NA_180,0,289
BlissSP_bliss8_2019_prefire_NA_270,0,81
BlissSP_bliss8_2019_prefire_NA_90,1450,221
BlissSP_bliss9_2019_prefire_NA_0,1066,1600
BlissSP_bliss9_2019_prefire_NA_180,36,0
BlissSP_bliss9_2019_prefire_NA_270,361,2421
BlissSP_bliss9_2019_prefire_NA_90,0,799.24
BurtonSP_Burton08_2021_postfire_2yr_0,0,132.25
BurtonSP_Burton08_2021_postfire_2yr_270,0,90.25
BurtonSP_Burton08_2021_postfire_2yr_90,0,281.5
BurtonSP_Burton09_2021_postfire_2yr_270,0,100
BurtonSP_burton1_2019_prefire_NA_0,2993,0
BurtonSP_burton1_2019_prefire_NA_270,4225,400
BurtonSP_burton1_2019_prefire_NA_90,900,0
BurtonSP_burton10_2019_postfire_immediate_180,0,1156
BurtonSP_burton10_2019_prefire_NA_0,0,529
BurtonSP_burton10_2019_prefire_NA_180,0,2025
BurtonSP_burton10_2019_prefire_NA_90,0,458
BurtonSP_burton11_2019_prefire_NA_180,4900,0
BurtonSP_burton11_2019_prefire_NA_270,441,441
BurtonSP_burton11_2019_prefire_NA_90,3600,0
BurtonSP_burton12_2019_prefire_NA_0,0,673
BurtonSP_burton12_2019_prefire_NA_180,0,898
BurtonSP_burton12_2019_prefire_NA_270,0,144
BurtonSP_burton12_2019_prefire_NA_90,100,841
BurtonSP_burton13_2019_prefire_NA_0,3251,400
BurtonSP_burton13_2019_prefire_NA_180,676,1301
BurtonSP_burton13_2019_prefire_NA_270,324,400
BurtonSP_burton13_2019_prefire_NA_90,0,6469
BurtonSP_burton14_2019_prefire_NA_0,64,200
BurtonSP_burton14_2019_prefire_NA_270,0,317.25
BurtonSP_burton15_2019_prefire_NA_0,400,3600
BurtonSP_burton15_2019_prefire_NA_180,0,981
BurtonSP_burton15_2019_prefire_NA_270,81,1149.76
BurtonSP_burton15_2019_prefire_NA_90,841,0
BurtonSP_burton16_2019_prefire_NA_0,81,0
BurtonSP_burton16_2019_prefire_NA_180,2809,0
BurtonSP_burton16_2019_prefire_NA_270,1424,121
BurtonSP_burton17_2019_prefire_NA_0,100,0
BurtonSP_burton17_2019_prefire_NA_180,0,169
BurtonSP_burton17_2019_prefire_NA_270,256,1025
BurtonSP_burton17_2019_prefire_NA_90,4900,0
BurtonSP_burton18_2019_prefire_NA_0,8965,1145
BurtonSP_burton18_2019_prefire_NA_90,1272,433
BurtonSP_burton19_2019_prefire_NA_0,1764,0
BurtonSP_burton19_2019_prefire_NA_270,1225,0
BurtonSP_burton19_2019_prefire_NA_90,1936,0
BurtonSP_Burton19_2020_postfire_1yr_270,1521,0
BurtonSP_burton2_2019_prefire_NA_0,337,0
BurtonSP_burton2_2019_prefire_NA_180,5006,100
BurtonSP_burton2_2019_prefire_NA_270,100,0
BurtonSP_burton20_2019_prefire_NA_0,5629,754
BurtonSP_burton20_2019_prefire_NA_270,729,1849
BurtonSP_Burton20_2020_postfire_1yr_270,841,2304
BurtonSP_burton21_2019_prefire_NA_0,4201,0
BurtonSP_burton21_2019_prefire_NA_270,5281,0
BurtonSP_burton21_2019_prefire_NA_90,3600,0
BurtonSP_burton22_2019_prefire_NA_0,0,132.25
BurtonSP_burton22_2019_prefire_NA_180,4225,2129
BurtonSP_burton22_2019_prefire_NA_270,0,225
BurtonSP_burton22_2019_prefire_NA_90,0,144
BurtonSP_burton24_2019_prefire_NA_0,64,289
BurtonSP_Burton25_2020_postfire_1yr_0,0,1089
BurtonSP_Burton25_2020_postfire_1yr_90,2078,0
BurtonSP_Burton26_2020_postfire_1yr_0,2068.56,0
BurtonSP_Burton28_2020_postfire_1yr_0,1764,0
BurtonSP_Burton28_2020_postfire_1yr_180,100,0
BurtonSP_Burton28_2020_postfire_1yr_90,144,0
BurtonSP_Burton29_2020_postfire_1yr_0,529,0
BurtonSP_Burton29_2020_postfire_1yr_180,289,2305
BurtonSP_Burton29_2020_postfire_1yr_270,569,1116.16
BurtonSP_Burton29_2020_postfire_1yr_90,0,378.76
BurtonSP_burton3_2019_prefire_NA_0,0,1467.69
BurtonSP_burton3_2019_prefire_NA_180,0,412.25
BurtonSP_burton3_2019_prefire_NA_270,0,324
BurtonSP_burton3_2019_prefire_NA_90,256,3078
BurtonSP_Burton30_2020_postfire_1yr_90,324,0
BurtonSP_Burton33_2020_postfire_1yr_90,654.44,0
BurtonSP_Burton38_2020_postfire_1yr_0,144,0
BurtonSP_Burton38_2020_postfire_1yr_270,324,0
BurtonSP_Burton38_2020_postfire_1yr_90,324,0
BurtonSP_Burton39_2020_postfire_1yr_0,0,204.04
BurtonSP_Burton40_2021_postfire_2yr_180,0,100
BurtonSP_Burton40_2021_postfire_2yr_270,0,121
BurtonSP_Burton41_2020_postfire_1yr_0,0,1462.44
BurtonSP_Burton41_2021_postfire_2yr_0,0,1487.44
BurtonSP_Burton41_2021_postfire_2yr_180,615.04,0
BurtonSP_Burton41_2021_postfire_2yr_90,0,210.25
BurtonSP_Burton43_2020_postfire_1yr_270,0,900
BurtonSP_Burton43_2020_postfire_1yr_90,0,285.61
BurtonSP_Burton44_2020_postfire_1yr_90,900,0
BurtonSP_burton6_2019_prefire_NA_180,676,0
BurtonSP_burton6_2019_prefire_NA_270,1669,494
BurtonSP_burton6_2019_prefire_NA_90,900,0
BurtonSP_burton7_2019_prefire_NA_0,0,576
BurtonSP_burton7_2019_prefire_NA_180,0,64
BurtonSP_burton8_2019_postfire_immediate_0,0,196
BurtonSP_burton8_2019_postfire_immediate_270,0,313
BurtonSP_burton8_2019_postfire_immediate_90,0,619
BurtonSP_burton8_2019_prefire_NA_0,0,452
BurtonSP_burton8_2019_prefire_NA_270,0,313
BurtonSP_burton8_2019_prefire_NA_90,0,718
BurtonSP_burton9_2019_prefire_NA_90,0,100
calaveras_BigTrees01_2020_prefire_NA_0,0,3969
calaveras_BigTrees01_2020_prefire_NA_180,7225,11050
calaveras_BigTrees01_2020_prefire_NA_270,379.25,436.25
calaveras_BigTrees01_2020_prefire_NA_90,0,624.25
calaveras_BigTrees02_2020_prefire_NA_180,1936,256
calaveras_BigTrees02_2020_prefire_NA_270,919.84,3364
calaveras_BigTrees02_2020_prefire_NA_90,324,0
calaveras_BigTrees03_2020_prefire_NA_0,0,865
calaveras_BigTrees03_2020_prefire_NA_180,0,676
calaveras_BigTrees03_2020_prefire_NA_270,0,556.96
calaveras_BigTrees04_2020_prefire_NA_0,1849,2864.25
calaveras_BigTrees04_2020_prefire_NA_180,4244,3857.75
calaveras_BigTrees04_2020_prefire_NA_270,324,0
calaveras_BigTrees04_2020_prefire_NA_90,342.25,506.25
calaveras_BigTrees05_2020_prefire_NA_180,0,338.2196
calaveras_BigTrees05_2020_prefire_NA_270,0,571.25
calaveras_BigTrees05_2020_prefire_NA_90,272.25,7968.5
calaveras_BigTrees06_2020_prefire_NA_0,0,245
calaveras_BigTrees06_2020_prefire_NA_180,0,72.25
calaveras_BigTrees06_2020_prefire_NA_270,400,170.09
calaveras_BigTrees06_2020_prefire_NA_90,2704,1753
calaveras_BigTrees07_2020_prefire_NA_0,0,401.44
calaveras_BigTrees07_2020_prefire_NA_180,0,5625
calaveras_BigTrees07_2020_prefire_NA_270,6418,5625
calaveras_BigTrees07_2020_prefire_NA_90,0,77.44
calaveras_BigTrees08_2020_prefire_NA_0,676,0
calaveras_BigTrees08_2020_prefire_NA_270,0,529
calaveras_BigTrees08_2020_prefire_NA_90,547.56,0
calaveras_BigTrees09_2020_prefire_NA_0,0,1681
calaveras_BigTrees09_2020_prefire_NA_180,1600,1160
calaveras_BigTrees10_2020_prefire_NA_0,169,420.25
calaveras_BigTrees10_2020_prefire_NA_180,0,529
calaveras_BigTrees10_2020_prefire_NA_90,0,324
calaveras_BigTrees11_2020_prefire_NA_0,67.24,0
calaveras_BigTrees11_2020_prefire_NA_180,0,59.29
calaveras_BigTrees11_2020_prefire_NA_270,225,549
calaveras_BigTrees12_2020_prefire_NA_0,169,820
calaveras_BigTrees12_2020_prefire_NA_180,0,424
calaveras_BigTrees12_2020_prefire_NA_270,1156,0
calaveras_BigTrees12_2020_prefire_NA_90,0,153.76
calaveras_BigTrees13_2020_prefire_NA_0,2128,0
calaveras_BigTrees13_2020_prefire_NA_180,445,1185.25
calaveras_BigTrees13_2020_prefire_NA_270,529,121
calaveras_BigTrees13_2020_prefire_NA_90,2470,598.49
calaveras_BigTrees14_2020_prefire_NA_0,132.25,578
calaveras_BigTrees14_2020_prefire_NA_180,0,169
calaveras_BigTrees14_2020_prefire_NA_270,0,1302.75
calaveras_BigTrees14_2020_prefire_NA_90,0,1024
calaveras_BigTrees15_2020_prefire_NA_0,153.76,0
calaveras_BigTrees15_2020_prefire_NA_270,64,0
calaveras_BigTrees15_2020_prefire_NA_90,0,625
calaveras_BigTrees17_2020_prefire_NA_180,0,81
calaveras_BigTrees17_2020_prefire_NA_270,3600,648.18
calaveras_BigTrees17_2020_prefire_NA_90,0,162
calaveras_BigTrees18_2020_prefire_NA_180,0,4761
calaveras_BigTrees18_2020_prefire_NA_270,0,248.04
calaveras_BigTrees18_2020_prefire_NA_90,0,3125
calaveras_BigTrees19_2020_prefire_NA_0,0,59.29
calaveras_BigTrees19_2020_prefire_NA_180,846,6625
calaveras_BigTrees19_2020_prefire_NA_270,0,125.44
calaveras_BigTrees19_2020_prefire_NA_90,225,0
calaveras_BigTrees20_2020_prefire_NA_0,800,0
calaveras_BigTrees20_2020_prefire_NA_180,0,2685.16
calaveras_BigTrees20_2020_prefire_NA_270,0,86.49
calaveras_BigTrees20_2020_prefire_NA_90,400,5010.41
calaveras_BigTrees21_2020_prefire_NA_0,900,0
calaveras_BigTrees21_2020_prefire_NA_180,0,156.25
calaveras_BigTrees21_2020_prefire_NA_270,4356,1583.69
calaveras_BigTrees21_2020_prefire_NA_90,0,703.81
calaveras_BigTrees22_2020_prefire_NA_0,12100,616.25
calaveras_BigTrees22_2020_prefire_NA_180,0,389
calaveras_BigTrees22_2020_prefire_NA_270,10000,1036.5
calaveras_BigTrees23_2020_prefire_NA_90,0,1326.16
calaveras_BigTrees24_2020_prefire_NA_0,0,121
calaveras_BigTrees24_2020_prefire_NA_180,1849,1781
calaveras_BigTrees24_2020_prefire_NA_270,2501,196
calaveras_BigTrees24_2020_prefire_NA_90,0,9433
calaveras_BigTrees25_2020_prefire_NA_0,0,6308.25
calaveras_BigTrees25_2020_prefire_NA_180,64,20597.21
calaveras_BigTrees25_2020_prefire_NA_270,0,19654
calaveras_BigTrees25_2020_prefire_NA_90,0,6521
calaveras_BigTrees27_2020_prefire_NA_0,0,420.25
calaveras_BigTrees27_2020_prefire_NA_180,0,771.25
calaveras_BigTrees27_2020_prefire_NA_270,0,756.25
calaveras_BigTrees27_2020_prefire_NA_90,0,110.25
calaveras_BigTrees28_2020_prefire_NA_0,0,625
calaveras_BigTrees28_2020_prefire_NA_180,0,1411.2
calaveras_BigTrees28_2020_prefire_NA_270,1024,748.21
calaveras_BigTrees28_2020_prefire_NA_90,783.29,492.49
calaveras_BigTrees29_2020_prefire_NA_0,0,1084.5
calaveras_BigTrees29_2020_prefire_NA_180,0,900
calaveras_BigTrees29_2020_prefire_NA_270,0,9764
calaveras_BigTrees30_2020_prefire_NA_0,0,400
calaveras_BigTrees30_2020_prefire_NA_180,625,86.49
calaveras_BigTrees30_2020_prefire_NA_270,0,9511.6
calaveras_BigTrees30_2020_prefire_NA_90,0,1054.49
calaveras_BigTrees31_2020_prefire_NA_180,324,0
calaveras_BigTrees32_2020_prefire_NA_0,0,834.75
calaveras_BigTrees32_2020_prefire_NA_180,620.5,2608.25
calaveras_BigTrees32_2020_prefire_NA_270,529,2815
calaveras_BigTrees32_2020_prefire_NA_90,0,304.5
calaveras_BigTrees33_2020_prefire_NA_0,0,484
calaveras_BigTrees33_2020_prefire_NA_90,0,3025
calaveras_BigTrees34_2020_prefire_NA_0,1260.25,2812.75
calaveras_BigTrees34_2020_prefire_NA_180,5625,0
calaveras_BigTrees34_2020_prefire_NA_270,0,413.5
calaveras_BigTrees34_2020_prefire_NA_90,3136,427.25
calaveras_BigTrees36_2020_prefire_NA_270,0,4897.25
caples_1_2013-2018_prefire_NA_0,0,121
caples_1_2013-2018_prefire_NA_270,7800,821
caples_1_2013-2018_prefire_NA_90,4761,324
caples_1_2019_prefire_immediate_0,1444,0
caples_1_2019_prefire_immediate_270,0,4624
caples_1_2020_postfire_1yr_0,0,605.16
caples_1_2020_postfire_1yr_270,0,2894.44
caples_100_2013-2018_prefire_NA_0,0,4928.04
caples_100_2013-2018_prefire_NA_180,0,8584
caples_100_2019_prefire_immediate_180,0,210.25
caples_100_2020_postfire_1yr_180,0,225
caples_103_2013-2018_prefire_NA_0,5184,1089
caples_103_2013-2018_prefire_NA_180,256,676
caples_103_2013-2018_prefire_NA_270,4900,0
caples_103_2013-2018_prefire_NA_90,19496,0
caples_103_2020_postfire_1yr_180,0,1201
caples_104_2013-2018_prefire_NA_0,5749,2890
caples_104_2013-2018_prefire_NA_180,0,957
caples_104_2013-2018_prefire_NA_270,0,1936
caples_104_2013-2018_prefire_NA_90,784,400
caples_105_2013-2018_prefire_NA_270,8065,0
caples_105_2013-2018_prefire_NA_90,1296,121
caples_105_2019_prefire_immediate_270,0,2304
caples_105_2019_prefire_immediate_90,625,0
caples_105_2020_postfire_1yr_270,0,2601
caples_106_2013-2018_prefire_NA_0,0,2916
caples_106_2013-2018_prefire_NA_180,5041,0
caples_108_2013-2018_prefire_NA_180,0,1314
caples_108_2013-2018_prefire_NA_270,0,361
caples_108_2013-2018_prefire_NA_90,0,169
caples_109_2013-2018_prefire_NA_0,0,8355
caples_109_2013-2018_prefire_NA_270,225,265
caples_109_2013-2018_prefire_NA_90,0,3786
caples_11_2013-2018_prefire_NA_0,900,356
caples_11_2013-2018_prefire_NA_180,0,10000
caples_11_2019_prefire_immediate_270,0,144
caples_11_2020_postfire_1yr_270,0,110.25
caples_110_2013-2018_prefire_NA_180,49284,485
caples_110_2013-2018_prefire_NA_90,169,0
caples_111_2013-2018_prefire_NA_0,0,441
caples_111_2013-2018_prefire_NA_180,400,1024
caples_111_2013-2018_prefire_NA_270,0,169
caples_111_2013-2018_prefire_NA_90,0,325
caples_111_2019_prefire_immediate_180,0,2025
caples_111_2019_prefire_immediate_90,0,169
caples_112_2013-2018_prefire_NA_180,0,1465
caples_112_2013-2018_prefire_NA_90,2248,0
caples_113_2013-2018_prefire_NA_180,0,64
caples_114_2013-2018_prefire_NA_0,0,81
caples_114_2013-2018_prefire_NA_90,6084,0
caples_116_2013-2018_prefire_NA_0,0,769
caples_116_2013-2018_prefire_NA_270,0,265
caples_117_2013-2018_prefire_NA_180,0,121
caples_117_2013-2018_prefire_NA_90,0,400
caples_117_2019_prefire_immediate_180,0,144
caples_117_2020_postfire_1yr_180,0,144
caples_118_2013-2018_prefire_NA_270,1053,0
caples_118_2013-2018_prefire_NA_90,0,72.25
caples_118_2019_prefire_immediate_270,900,0
caples_118_2020_postfire_1yr_270,0,1024
caples_118_2020_postfire_1yr_90,0,325
caples_119_2013-2018_prefire_NA_0,5184,0
caples_119_2013-2018_prefire_NA_180,0,1369
caples_119_2013-2018_prefire_NA_270,2304,0
caples_12_2013-2018_prefire_NA_0,0,2809
caples_12_2013-2018_prefire_NA_180,0,169
caples_12_2013-2018_prefire_NA_90,0,289
caples_12_2019_prefire_immediate_180,0,729
caples_12_2019_prefire_immediate_270,484,676
caples_12_2020_postfire_1yr_0,0,970
caples_120_2013-2018_prefire_NA_0,0,2294
caples_120_2013-2018_prefire_NA_180,2809,1675
caples_120_2013-2018_prefire_NA_270,0,900
caples_120_2013-2018_prefire_NA_90,0,289
caples_121_2013-2018_prefire_NA_270,0,169
caples_122_2013-2018_prefire_NA_0,1764,0
caples_122_2013-2018_prefire_NA_270,0,400
caples_122_2013-2018_prefire_NA_90,1810,0
caples_123_2013-2018_prefire_NA_0,0,961
caples_123_2013-2018_prefire_NA_270,0,1073
caples_124_2013-2018_prefire_NA_270,14641,0
caples_126_2013-2018_prefire_NA_180,0,317
caples_126_2013-2018_prefire_NA_270,0,781
caples_126_2013-2018_prefire_NA_90,0,689
caples_127_2013-2018_prefire_NA_0,169,0
caples_127_2013-2018_prefire_NA_180,0,4356
caples_127_2013-2018_prefire_NA_90,0,961
caples_128_2013-2018_prefire_NA_180,0,441
caples_128_2013-2018_prefire_NA_270,0,625
caples_128_2013-2018_prefire_NA_90,0,1021
caples_129_2013-2018_prefire_NA_270,0,196
caples_129_2019_prefire_immediate_270,0,1058
caples_129_2019_prefire_immediate_90,0,543
caples_129_2020_postfire_1yr_270,0,784
caples_13_2013-2018_prefire_NA_0,0,1210
caples_13_2013-2018_prefire_NA_180,0,100
caples_13_2013-2018_prefire_NA_270,784,0
caples_13_2019_prefire_immediate_0,0,121
caples_13_2019_prefire_immediate_90,0,3540.25
caples_130_2013-2018_prefire_NA_0,144,0
caples_130_2013-2018_prefire_NA_270,0,1764
caples_130_2013-2018_prefire_NA_90,0,100
caples_131_2013-2018_prefire_NA_0,772,100
caples_131_2013-2018_prefire_NA_180,784,1346
caples_131_2013-2018_prefire_NA_270,0,3621
caples_131_2013-2018_prefire_NA_90,100,200
caples_133_2013-2018_prefire_NA_0,898,0
caples_133_2013-2018_prefire_NA_180,0,144
caples_133_2013-2018_prefire_NA_90,0,121
caples_14_2013-2018_prefire_NA_270,0,81
caples_14_2019_prefire_immediate_0,0,64
caples_16_2013-2018_prefire_NA_0,3481,400
caples_16_2013-2018_prefire_NA_270,36100,441
caples_16_2013-2018_prefire_NA_90,0,81
caples_17_2013-2018_prefire_NA_0,0,2209
caples_17_2013-2018_prefire_NA_180,0,100
caples_17_2013-2018_prefire_NA_270,0,1129
caples_2_2013-2018_prefire_NA_0,0,2025
caples_20_2013-2018_prefire_NA_0,0,400
caples_20_2013-2018_prefire_NA_180,0,625
caples_20_2013-2018_prefire_NA_90,0,1024
caples_20_2019_prefire_immediate_180,0,380.25
caples_20_2019_prefire_immediate_90,132.25,289
caples_21_2013-2018_prefire_NA_180,0,196
caples_23_2013-2018_prefire_NA_270,0,484
caples_23_2013-2018_prefire_NA_90,0,208
caples_24_2013-2018_prefire_NA_180,0,853
caples_24_2013-2018_prefire_NA_270,0,676
caples_24_2013-2018_prefire_NA_90,4900,676
caples_24_2019_prefire_immediate_90,1600,0
caples_24_2020_postfire_1yr_0,0,100
caples_24_2020_postfire_1yr_270,0,307.36
caples_24_2020_postfire_1yr_90,0,784
caples_28_2013-2018_prefire_NA_0,0,500
caples_28_2013-2018_prefire_NA_180,0,922
caples_28_2019_prefire_immediate_0,0,110.25
caples_29_2013-2018_prefire_NA_0,529,256
caples_29_2013-2018_prefire_NA_270,0,1089
caples_29_2013-2018_prefire_NA_90,0,1024
caples_29_2019_prefire_immediate_270,0,529
caples_29_2019_prefire_immediate_90,0,1072
caples_3_2013-2018_prefire_NA_270,0,4225
caples_30_2013-2018_prefire_NA_0,0,121
caples_30_2013-2018_prefire_NA_180,0,676
caples_30_2019_prefire_immediate_90,0,256
caples_32_2013-2018_prefire_NA_0,0,552
caples_32_2013-2018_prefire_NA_270,0,441
caples_32_2019_prefire_immediate_180,289,1933
caples_33_2013-2018_prefire_NA_0,0,185
caples_33_2013-2018_prefire_NA_180,0,405
caples_33_2013-2018_prefire_NA_270,0,468
caples_33_2013-2018_prefire_NA_90,0,920
caples_33_2019_prefire_immediate_180,0,169
caples_33_2020_postfire_1yr_180,0,335.24
caples_34_2019_prefire_immediate_90,0,100
caples_35_2013-2018_prefire_NA_270,0,361
caples_36_2013-2018_prefire_NA_180,0,961
caples_36_2019_prefire_immediate_270,289,0
caples_36_2020_postfire_1yr_180,0,900
caples_36_2020_postfire_1yr_270,0,272.25
caples_37_2013-2018_prefire_NA_0,0,225
caples_37_2013-2018_prefire_NA_180,1024,0
caples_37_2013-2018_prefire_NA_270,0,181
caples_37_2019_prefire_immediate_270,0,81
caples_37_2019_prefire_immediate_90,506.25,169
caples_37_2020_postfire_1yr_90,0,484
caples_39_2013-2018_prefire_NA_0,0,3969
caples_39_2013-2018_prefire_NA_180,0,1936
caples_39_2013-2018_prefire_NA_90,0,9409
caples_4_2013-2018_prefire_NA_0,0,5364
caples_4_2013-2018_prefire_NA_180,1600,884
caples_4_2013-2018_prefire_NA_270,0,808
caples_4_2013-2018_prefire_NA_90,3136,1788
caples_4_2019_prefire_immediate_180,0,265
caples_40_2013-2018_prefire_NA_0,0,2019
caples_40_2013-2018_prefire_NA_270,0,985
caples_40_2013-2018_prefire_NA_90,0,370
caples_40_2020_postfire_1yr_0,0,2445
caples_40_2020_postfire_1yr_270,0,596
caples_40_2020_postfire_1yr_90,0,361
caples_42_2013-2018_prefire_NA_180,0,544
caples_43_2013-2018_prefire_NA_90,0,169
caples_45_2013-2018_prefire_NA_0,0,1805
caples_45_2013-2018_prefire_NA_180,0,196
caples_45_2013-2018_prefire_NA_90,144,0
caples_46_2013-2018_prefire_NA_0,0,100
caples_46_2013-2018_prefire_NA_180,0,1305
caples_46_2013-2018_prefire_NA_270,0,2031
caples_46_2013-2018_prefire_NA_90,0,289
caples_47_2013-2018_prefire_NA_270,0,424
caples_49_2013-2018_prefire_NA_0,0,324
caples_49_2013-2018_prefire_NA_180,3600,0
caples_49_2013-2018_prefire_NA_90,1225,1217
caples_5_2013-2018_prefire_NA_0,169,0
caples_5_2013-2018_prefire_NA_180,0,233
caples_5_2013-2018_prefire_NA_270,0,497
caples_5_2013-2018_prefire_NA_90,0,64
caples_5_2019_prefire_immediate_0,0,2162.25
caples_5_2019_prefire_immediate_270,0,156.25
caples_5_2020_postfire_1yr_0,0,1646
caples_5_2020_postfire_1yr_270,0,1089
caples_50_2013-2018_prefire_NA_270,4096,841
caples_52_2013-2018_prefire_NA_90,625,0
caples_54_2013-2018_prefire_NA_180,0,10000
caples_56_2013-2018_prefire_NA_0,0,289
caples_56_2013-2018_prefire_NA_270,0,365
caples_57_2013-2018_prefire_NA_180,0,256
caples_58_2013-2018_prefire_NA_0,0,121
caples_58_2013-2018_prefire_NA_180,4900,0
caples_58_2013-2018_prefire_NA_270,252.81,0
caples_58_2013-2018_prefire_NA_90,0,424
caples_59_2013-2018_prefire_NA_180,408.04,144
caples_59_2013-2018_prefire_NA_90,2304,0
caples_6_2013-2018_prefire_NA_180,0,593
caples_65_2013-2018_prefire_NA_0,17855.01,10433
caples_65_2013-2018_prefire_NA_180,0,182.25
caples_65_2013-2018_prefire_NA_270,0,9025
caples_65_2013-2018_prefire_NA_90,0,306.25
caples_65_2019_prefire_immediate_0,0,1201
caples_65_2019_prefire_immediate_270,4489,0
caples_65_2020_postfire_1yr_0,0,1225
caples_65_2020_postfire_1yr_270,0,5041
caples_7_2013-2018_prefire_NA_0,0,6596
caples_7_2013-2018_prefire_NA_180,676,4339
caples_7_2013-2018_prefire_NA_270,0,7346
caples_7_2013-2018_prefire_NA_90,0,2007
caples_7_2019_prefire_immediate_0,0,1326
caples_7_2019_prefire_immediate_180,210.25,1044
caples_7_2019_prefire_immediate_270,0,7418
caples_7_2019_prefire_immediate_90,0,12.25
caples_7_2020_postfire_1yr_0,0,1370
caples_7_2020_postfire_1yr_180,676,361
caples_7_2020_postfire_1yr_270,0,5041
caples_7_2020_postfire_1yr_90,0,324
caples_75_2013-2018_prefire_NA_0,5550.25,0
caples_75_2013-2018_prefire_NA_90,0,7466.5
caples_75_2019_prefire_immediate_90,1764,0
caples_76_2013-2018_prefire_NA_0,772.84,2225.7
caples_76_2013-2018_prefire_NA_180,0,1239.04
caples_76_2013-2018_prefire_NA_270,0,1848.19
caples_76_2013-2018_prefire_NA_90,163.84,467.49
caples_77_2013-2018_prefire_NA_0,0,999.94
caples_77_2013-2018_prefire_NA_270,0,156.25
caples_77_2013-2018_prefire_NA_90,0,856.25
caples_8_2013-2018_prefire_NA_0,900,2991
caples_8_2013-2018_prefire_NA_180,0,2319
caples_8_2013-2018_prefire_NA_270,0,3226
caples_8_2013-2018_prefire_NA_90,0,2665
caples_8_2019_prefire_immediate_0,0,6889
caples_8_2019_prefire_immediate_270,0,1600
caples_8_2019_prefire_immediate_90,1225,0
caples_8_2020_postfire_1yr_0,0,1211
caples_8_2020_postfire_1yr_180,0,484
caples_8_2020_postfire_1yr_270,0,2304
caples_8_2020_postfire_1yr_90,2601,0
caples_82_2013-2018_prefire_NA_270,0,4225
caples_82_2013-2018_prefire_NA_90,201.64,0
caples_82_2020_postfire_1yr_180,0,484
caples_82_2020_postfire_1yr_270,0,4096
caples_83_2013-2018_prefire_NA_270,0,1681
caples_83_2013-2018_prefire_NA_90,0,3600
caples_84_2013-2018_prefire_NA_0,2116,0
caples_84_2013-2018_prefire_NA_270,2433.04,0
caples_84_2013-2018_prefire_NA_90,0,617.25
caples_85_2013-2018_prefire_NA_270,0,169
caples_92_2013-2018_prefire_NA_0,0,2601
caples_92_2013-2018_prefire_NA_180,0,1465
caples_92_2013-2018_prefire_NA_270,3025,625
caples_93_2013-2018_prefire_NA_0,0,2914.69
caples_93_2013-2018_prefire_NA_270,900,1521
caples_93_2013-2018_prefire_NA_90,0,961
caples_94_2013-2018_prefire_NA_180,0,325.52
caples_94_2013-2018_prefire_NA_270,4624,0
caples_94_2013-2018_prefire_NA_90,4788.64,81
caples_95_2013-2018_prefire_NA_270,0,234.09
downieville_RedAnt28_2020_prefire_NA_180,0,384.16
downieville_RedAnt30b_2020_prefire_NA_180,0,526.25
downieville_RedAnt30b_2020_prefire_NA_270,0,240.25
downieville_RedAnt32_2020_prefire_NA_0,0,584
downieville_RedAnt32_2020_prefire_NA_270,0,324
downieville_RedAnt36_2020_prefire_NA_180,0,1024
downieville_RedAnt37_2020_prefire_NA_0,324,2449.25
downieville_RedAnt37_2020_prefire_NA_180,3025,0
downieville_RedAnt37_2020_prefire_NA_270,121,0
downieville_RedAnt37_2020_prefire_NA_90,2373.84,1975
downieville_RedAnt39_2020_prefire_NA_180,1089,1415.5
downieville_RedAnt39_2020_prefire_NA_270,870.25,0
downieville_RedAnt39_2020_prefire_NA_90,0,64
downieville_RedAnt40_2020_prefire_NA_0,0,905.25
downieville_RedAnt40_2020_prefire_NA_180,0,225
downieville_RedAnt40_2020_prefire_NA_270,0,459.09
downieville_RedAnt41_2020_prefire_NA_0,0,885.69
downieville_RedAnt41_2020_prefire_NA_180,0,196
downieville_RedAnt41_2020_prefire_NA_270,0,1159.12
downieville_RedAnt42_2020_prefire_NA_180,0,338.56
downieville_RedAnt42_2020_prefire_NA_270,0,324
downieville_RedAnt44_2020_prefire_NA_0,0,2097
downieville_RedAnt44_2020_prefire_NA_90,108.16,909.93
downieville_RedAnt46_2020_prefire_NA_0,0,1282.69
downieville_RedAnt46_2020_prefire_NA_180,59.29,3207.47
downieville_RedAnt46_2020_prefire_NA_270,0,114.49
downieville_RedAnt46_2020_prefire_NA_90,249.64,826.98
downieville_RedAnt49_2020_prefire_NA_0,0,4361.25
downieville_RedAnt49_2020_prefire_NA_180,0,256
downieville_RedAnt49_2020_prefire_NA_270,576,762.75
downieville_RedAnt50_2020_prefire_NA_0,0,3770
downieville_RedAnt50_2020_prefire_NA_180,0,90.25
downieville_RedAnt50_2020_prefire_NA_270,0,4579.25
downieville_RedAnt50_2020_prefire_NA_90,0,1620
downieville_RedAnt51_2020_prefire_NA_180,0,1677.25
downieville_RedAnt51_2020_prefire_NA_270,1722.25,1522.25
downieville_RedAnt51_2020_prefire_NA_90,0,361
downieville_RedAnt52_2020_prefire_NA_0,0,96.04
downieville_RedAnt52_2020_prefire_NA_180,0,3136
downieville_RedAnt52_2020_prefire_NA_270,0,320.75
downieville_RedAnt52_2020_prefire_NA_90,0,3969
downieville_RedAnt53_2020_prefire_NA_0,158.76,219.04
downieville_RedAnt53_2020_prefire_NA_180,0,1197.16
downieville_RedAnt53_2020_prefire_NA_270,86.49,77.44
downieville_RedAnt53_2020_prefire_NA_90,0,1041.48
downieville_RedAnt54_2020_prefire_NA_0,2538.76,0
downieville_RedAnt54_2020_prefire_NA_180,0,1419.09
downieville_RedAnt54_2020_prefire_NA_270,576,2650
downieville_RedAnt54_2020_prefire_NA_90,0,4125.44
downieville_RedAnt55_2020_prefire_NA_0,0,676
downieville_RedAnt55_2020_prefire_NA_270,493,982.25
downieville_RedAnt55_2020_prefire_NA_90,0,1521
downieville_RedAnt56_2020_prefire_NA_0,484,3076
downieville_RedAnt56_2020_prefire_NA_180,1102.24,0
downieville_RedAnt56_2020_prefire_NA_90,225,346
downieville_RedAnt57_2020_prefire_NA_90,0,151.29
downieville_RedAnt58_2020_prefire_NA_0,0,595.36
downieville_RedAnt58_2020_prefire_NA_180,144,569
downieville_RedAnt58_2020_prefire_NA_270,0,2776.81
downieville_RedAnt58_2020_prefire_NA_90,81,144
downieville_RedAnt59_2020_prefire_NA_0,0,174.24
downieville_RedAnt59_2020_prefire_NA_180,2016.34,0
downieville_RedAnt59_2020_prefire_NA_90,2787.84,0
downieville_RedAnt60_2020_prefire_NA_0,0,708.69
downieville_RedAnt60_2020_prefire_NA_180,0,1188.25
downieville_RedAnt60_2020_prefire_NA_270,0,676
downieville_RedAnt60_2020_prefire_NA_90,0,806.99
downieville_RedAnt61_2020_prefire_NA_0,0,144
downieville_RedAnt61_2020_prefire_NA_270,169,400
downieville_RedAnt61_2020_prefire_NA_90,0,121
DryCreek_DryCreek22_2020_prefire_NA_0,0,388
DryCreek_DryCreek22_2020_prefire_NA_270,0,132.25
DryCreek_DryCreek22_2020_prefire_NA_90,8100,0
DryCreek_DryCreek23_2020_prefire_NA_0,0,210.25
DryCreek_DryCreek23_2020_prefire_NA_270,0,361
DryCreek_DryCreek26_2020_prefire_NA_180,0,357.25
DryCreek_DryCreek28_2020_prefire_NA_0,144,0
DryCreek_DryCreek28_2020_prefire_NA_90,0,194.29
DryCreek_DryCreek29_2020_prefire_NA_0,9025,0
DryCreek_DryCreek29_2020_prefire_NA_270,0,6084
DryCreek_DryCreek29_2020_prefire_NA_90,1531,289
DryCreek_DryCreek30_2020_prefire_NA_90,0,86.49
DryCreek_DryCreek31_2020_prefire_NA_270,470.5,173.16
DryCreek_DryCreek32_2020_postfire_2yr_180,0,102.01
DryCreek_DryCreek32_2020_postfire_2yr_270,0,2025
DryCreek_DryCreek33_2020_postfire_2yr_180,0,176.89
DryCreek_DryCreek33_2020_postfire_2yr_270,0,900
DryCreek_DryCreek33_2020_postfire_2yr_90,0,676
DryCreek_DryCreek34_2020_postfire_2yr_0,400,0
DryCreek_DryCreek34_2020_postfire_2yr_270,400,0
DryCreek_DryCreek36_2020_postfire_2yr_270,0,1058.09
DryCreek_DryCreek37_2020_postfire_2yr_180,144,276.25
DryCreek_DryCreek37_2020_postfire_2yr_270,0,272.25
DryCreek_DryCreek38_2020_postfire_2yr_0,0,767.25
DryCreek_DryCreek38_2020_postfire_2yr_270,0,144
DryCreek_DryCreek46_2020_prefire_NA_0,2825,0
frenchmeadows _fm10-1_2019_prefire_NA_0,0,100
frenchmeadows _fm10-1_2019_prefire_NA_180,0,1424
frenchmeadows _fm10-1_2019_prefire_NA_270,2669,0
frenchmeadows _fm10-1_2019_prefire_NA_90,976,0
frenchmeadows _fm10-10_2019_prefire_NA_0,3246.84,0
frenchmeadows _fm10-10_2019_prefire_NA_180,6400,0
frenchmeadows _fm10-10_2019_prefire_NA_90,324,64
frenchmeadows _fm10-11_2019_prefire_NA_0,0,7954
frenchmeadows _fm10-11_2019_prefire_NA_180,5300,144
frenchmeadows _fm10-11_2019_prefire_NA_270,64,0
frenchmeadows _fm10-11_2019_prefire_NA_90,576,0
frenchmeadows _fm10-12_2019_prefire_NA_0,2741,0
frenchmeadows _fm10-12_2019_prefire_NA_270,100,3330
frenchmeadows _fm10-13_2019_prefire_NA_180,121,0
frenchmeadows _fm10-13_2019_prefire_NA_270,0,64
frenchmeadows _fm10-13_2019_prefire_NA_90,0,144
frenchmeadows _fm10-14_2019_prefire_NA_0,196,0
frenchmeadows _fm10-14_2019_prefire_NA_270,1089,0
frenchmeadows _fm10-14_2019_prefire_NA_90,226,0
frenchmeadows _fm10-15_2019_prefire_NA_0,3721,985
frenchmeadows _fm10-15_2019_prefire_NA_180,625,221
frenchmeadows _fm10-15_2019_prefire_NA_270,144,0
frenchmeadows _fm10-15_2019_prefire_NA_90,1715,0
frenchmeadows _fm10-2_2019_prefire_NA_0,0,25
frenchmeadows _fm10-2_2019_prefire_NA_180,0,644
frenchmeadows _fm10-2_2019_prefire_NA_270,0,100
frenchmeadows _fm10-3_2019_prefire_NA_0,720,0
frenchmeadows _fm10-3_2019_prefire_NA_180,12020,100
frenchmeadows _fm10-3_2019_prefire_NA_270,676,0
frenchmeadows _fm10-4_2019_prefire_NA_180,1156,225
frenchmeadows _fm10-4_2019_prefire_NA_270,196,0
frenchmeadows _fm10-4_2019_prefire_NA_90,569.49,0
frenchmeadows _fm10-5_2019_prefire_NA_0,400,0
frenchmeadows _fm10-5_2019_prefire_NA_180,6250,0
frenchmeadows _fm10-5_2019_prefire_NA_90,6201,0
frenchmeadows _fm10-6_2019_prefire_NA_0,1089,0
frenchmeadows _fm10-6_2019_prefire_NA_180,4996,0
frenchmeadows _fm10-6_2019_prefire_NA_270,1246,1369
frenchmeadows _fm10-6_2019_prefire_NA_90,196,676
frenchmeadows _fm10-7_2019_prefire_NA_180,3690.25,909
frenchmeadows _fm10-7_2019_prefire_NA_270,200,0
frenchmeadows _fm10-7_2019_prefire_NA_90,5476,0
frenchmeadows _fm10-8_2019_prefire_NA_180,1274,0
frenchmeadows _fm10-8_2019_prefire_NA_270,289,0
frenchmeadows _fm10-8_2019_prefire_NA_90,0,283
frenchmeadows _fm10-9_2019_prefire_NA_0,4901,0
frenchmeadows _fm10-9_2019_prefire_NA_180,340,0
frenchmeadows _fm10-9_2019_prefire_NA_270,1800,0
frenchmeadows _fm10-9_2019_prefire_NA_90,2025,6400
frenchmeadows _fm19-1_2019_prefire_NA_0,845,0
frenchmeadows _fm19-1_2019_prefire_NA_180,3625,0
frenchmeadows _fm19-1_2019_prefire_NA_270,171.25,1450
frenchmeadows _fm19-1_2019_prefire_NA_90,0,1024
frenchmeadows _fm19-10_2019_prefire_NA_0,0,7225
frenchmeadows _fm19-10_2019_prefire_NA_180,5625,0
frenchmeadows _fm19-11_2019_prefire_NA_180,0,450
frenchmeadows _fm19-11_2019_prefire_NA_270,0,151.29
frenchmeadows _fm19-11_2019_prefire_NA_90,0,571.21
frenchmeadows _fm19-12_2019_prefire_NA_0,1225,0
frenchmeadows _fm19-12_2019_prefire_NA_270,0,400
frenchmeadows _fm19-13_2019_prefire_NA_0,3025,0
frenchmeadows _fm19-13_2019_prefire_NA_180,64,0
frenchmeadows _fm19-13_2019_prefire_NA_270,361,196
frenchmeadows _fm19-13_2019_prefire_NA_90,7569,394
frenchmeadows _fm19-14_2019_prefire_NA_90,0,289
frenchmeadows _fm19-15_2019_prefire_NA_0,4158.04,856.25
frenchmeadows _fm19-15_2019_prefire_NA_180,556.25,314.21
frenchmeadows _fm19-15_2019_prefire_NA_270,325,3073
frenchmeadows _fm19-15_2019_prefire_NA_90,1125,225
frenchmeadows _fm19-16_2019_prefire_NA_0,225,324
frenchmeadows _fm19-16_2019_prefire_NA_180,400,554
frenchmeadows _fm19-16_2019_prefire_NA_270,400,225
frenchmeadows _fm19-17_2019_prefire_NA_90,64,0
frenchmeadows _fm19-18_2019_prefire_NA_0,0,240.25
frenchmeadows _fm19-18_2019_prefire_NA_180,1494.25,461
frenchmeadows _fm19-18_2019_prefire_NA_270,0,1517
frenchmeadows _fm19-19_2019_prefire_NA_0,144,361
frenchmeadows _fm19-19_2019_prefire_NA_180,1384,1317
frenchmeadows _fm19-19_2019_prefire_NA_270,6269,269
frenchmeadows _fm19-19_2019_prefire_NA_90,545,0
frenchmeadows _fm19-2_2019_prefire_NA_0,3600,0
frenchmeadows _fm19-2_2019_prefire_NA_180,5238,742.21
frenchmeadows _fm19-2_2019_prefire_NA_90,5106,0
frenchmeadows _fm19-20_2019_prefire_NA_0,0,72.25
frenchmeadows _fm19-20_2019_prefire_NA_270,0,2693
frenchmeadows _fm19-20_2019_prefire_NA_90,256,729
frenchmeadows _fm19-21_2019_prefire_NA_0,1154,1225
frenchmeadows _fm19-21_2019_prefire_NA_180,144,610
frenchmeadows _fm19-21_2019_prefire_NA_270,306.25,0
frenchmeadows _fm19-21_2019_prefire_NA_90,169,2518
frenchmeadows _fm19-22_2019_prefire_NA_270,1024,0
frenchmeadows _fm19-3_2019_prefire_NA_0,210.25,11169
frenchmeadows _fm19-3_2019_prefire_NA_180,10633,1225
frenchmeadows _fm19-3_2019_prefire_NA_270,8921.25,546.5
frenchmeadows _fm19-3_2019_prefire_NA_90,0,2041
frenchmeadows _fm19-4_2019_prefire_NA_0,0,10125
frenchmeadows _fm19-4_2019_prefire_NA_180,0,484
frenchmeadows _fm19-4_2019_prefire_NA_270,0,421
frenchmeadows _fm19-5_2019_prefire_NA_270,0,961
frenchmeadows _fm19-5_2019_prefire_NA_90,0,585
frenchmeadows _fm19-7_2019_prefire_NA_0,1936,0
frenchmeadows _fm19-7_2019_prefire_NA_180,1555,441
frenchmeadows _fm19-7_2019_prefire_NA_270,2161,1234
frenchmeadows _fm19-7_2019_prefire_NA_90,0,3450
frenchmeadows _fm19-8_2019_prefire_NA_0,16900,0
frenchmeadows _fm19-8_2019_prefire_NA_180,0,900
frenchmeadows _fm19-8_2019_prefire_NA_270,0,1521
frenchmeadows _fm19-9_2019_prefire_NA_90,900,0
frenchmeadows_39_2020_prefire_NA_0,2900,0
frenchmeadows_39_2020_prefire_NA_180,5384,0
frenchmeadows_39_2020_prefire_NA_90,0,1482.25
frenchmeadows_40_2020_prefire_NA_0,0,100
frenchmeadows_40_2020_prefire_NA_180,4250.25,0
frenchmeadows_40_2020_prefire_NA_270,3025,0
frenchmeadows_40_2020_prefire_NA_90,484,100
frenchmeadows_44_2020_prefire_NA_0,4125.25,564.75
frenchmeadows_44_2020_prefire_NA_270,0,3399
frenchmeadows_45_2020_prefire_NA_0,1296,324
frenchmeadows_46_2020_prefire_NA_180,1444,0
frenchmeadows_46_2020_prefire_NA_270,900,81
frenchmeadows_55_2020_prefire_NA_0,0,2401
frenchmeadows_55_2020_prefire_NA_180,0,534.5
frenchmeadows_55_2020_prefire_NA_270,0,2795.25
frenchmeadows_55_2020_prefire_NA_90,0,387.25
frenchmeadows_57_2020_prefire_NA_0,841,0
frenchmeadows_57_2020_prefire_NA_180,5053.25,200
frenchmeadows_57_2020_prefire_NA_270,0,296
frenchmeadows_57_2020_prefire_NA_90,948.25,0
frenchmeadows_62_2020_prefire_NA_0,100,225
frenchmeadows_69_2020_prefire_NA_0,9025,0
frenchmeadows_69_2020_prefire_NA_180,380.25,0
frenchmeadows_69_2020_prefire_NA_270,0,225
frenchmeadows_FM37_2020_prefire_NA_0,0,772.24
frenchmeadows_FM37_2020_prefire_NA_180,0,153.76
frenchmeadows_FM37_2020_prefire_NA_90,158.76,3600
frenchmeadows_FM38_2020_prefire_NA_180,3920.04,0
frenchmeadows_FM38_2020_prefire_NA_90,3180.96,0
frenchmeadows_FM41_2020_prefire_NA_0,3969,22500
frenchmeadows_FM41_2020_prefire_NA_180,225,909.44
frenchmeadows_FM41_2020_prefire_NA_270,0,132.25
frenchmeadows_FM42_2020_prefire_NA_180,268.96,176.89
frenchmeadows_FM42_2020_prefire_NA_270,0,629
frenchmeadows_FM42_2020_prefire_NA_90,3025,398.48
frenchmeadows_FM43_2020_prefire_NA_0,0,555.21
frenchmeadows_FM43_2020_prefire_NA_180,0,506.81
frenchmeadows_FM43_2020_prefire_NA_270,0,1421.29
frenchmeadows_FM43_2020_prefire_NA_90,6400,169
frenchmeadows_FM44_2020_prefire_NA_180,169,1826.41
frenchmeadows_FM44_2020_prefire_NA_90,416.16,1054.53
frenchmeadows_FM48_2020_prefire_NA_0,0,1395.64
frenchmeadows_FM48_2020_prefire_NA_180,705.89,2787.84
frenchmeadows_FM48_2020_prefire_NA_270,306.25,151.29
frenchmeadows_FM48_2020_prefire_NA_90,3789,1296
frenchmeadows_FM49_2020_prefire_NA_180,0,458.31
frenchmeadows_FM50_2020_prefire_NA_0,0,1655.7
frenchmeadows_FM50_2020_prefire_NA_180,0,2976.82
frenchmeadows_FM50_2020_prefire_NA_270,0,1667.77
frenchmeadows_FM50_2020_prefire_NA_90,81,2148.64
frenchmeadows_FM51_2020_prefire_NA_180,0,585.64
frenchmeadows_FM51_2020_prefire_NA_270,0,102.01
frenchmeadows_FM51_2020_prefire_NA_90,0,2448.78
frenchmeadows_FM52_2020_prefire_NA_180,0,808.2
frenchmeadows_FM52_2020_prefire_NA_270,0,96.04
frenchmeadows_FM53_2020_prefire_NA_180,2025,0
frenchmeadows_FM53_2020_prefire_NA_270,0,2809
frenchmeadows_FM53_2020_prefire_NA_90,2500,0
frenchmeadows_FM54_2020_prefire_NA_0,1521,81
frenchmeadows_FM54_2020_prefire_NA_180,0,6573.16
frenchmeadows_FM54_2020_prefire_NA_270,729,81
frenchmeadows_FM54_2020_prefire_NA_90,82.81,0
frenchmeadows_FM56_2020_prefire_NA_0,0,529
frenchmeadows_FM56_2020_prefire_NA_90,0,538.24
frenchmeadows_FM63_2020_prefire_NA_0,4404.25,529.04
frenchmeadows_FM63_2020_prefire_NA_270,0,597.49
frenchmeadows_FM63_2020_prefire_NA_90,0,100
frenchmeadows_FM64_2020_prefire_NA_180,0,361.25
frenchmeadows_FM64_2020_prefire_NA_270,516.69,0
Independence_Indy03_2020_prefire_NA_180,610,0
Independence_Indy03_2020_prefire_NA_270,100,0
Independence_Indy05_2020_prefire_NA_180,0,420.25
Independence_Indy05_2020_prefire_NA_270,0,187.69
Independence_Indy05_2020_prefire_NA_90,0,104.04
Independence_Indy07_2020_prefire_NA_0,400,0
Independence_Indy07_2020_prefire_NA_90,900,77.44
Independence_Indy09_2020_prefire_NA_180,400,1128.96
Independence_Indy09_2020_prefire_NA_270,729,0
Independence_Indy09_2020_prefire_NA_90,0,1128.96
Independence_Indy11_2020_prefire_NA_180,729,0
Independence_Indy12_2020_prefire_NA_0,0,169
Independence_Indy12_2020_prefire_NA_270,0,552.25
Independence_Indy13_2020_prefire_NA_0,0,486.5
Independence_Indy13_2020_prefire_NA_180,0,169
Independence_Indy13_2020_prefire_NA_270,400,0
Independence_Indy14_2020_prefire_NA_180,2916,0
Independence_Indy14_2020_prefire_NA_270,225,0
Independence_Indy16_2020_prefire_NA_270,225,81
Independence_Indy16_2020_prefire_NA_90,0,100
Independence_Indy17_2020_prefire_NA_270,2025,0
Independence_Indy18_2020_prefire_NA_0,1824.25,557
Independence_Indy18_2020_prefire_NA_180,0,1227
Independence_Indy18_2020_prefire_NA_270,0,729
Independence_Indy18_2020_prefire_NA_90,0,244
Independence_Indy19_2020_prefire_NA_0,784,0
Independence_Indy19_2020_prefire_NA_90,0,225
Independence_Indy20_2020_prefire_NA_0,81,0
Independence_Indy20_2020_prefire_NA_270,100,0
Independence_Indy21_2020_prefire_NA_270,538,0
Independence_Indy22_2020_prefire_NA_90,0,110.25
Independence_Indy23_2020_prefire_NA_180,6400,144
Independence_Indy24_2020_prefire_NA_0,117.29,0
Independence_Indy24_2020_prefire_NA_180,1617.58,0
Independence_Indy24_2020_prefire_NA_270,174.29,0
Independence_Indy24_2020_prefire_NA_90,900,0
Independence_Indy26_2020_prefire_NA_90,729,0
Independence_Indy28_2020_prefire_NA_180,494,225
Independence_Indy28_2020_prefire_NA_270,400,100
Independence_Indy28_2020_prefire_NA_90,625,1105.85
Independence_Indy31_2020_prefire_NA_0,289,0
Independence_Indy31_2020_prefire_NA_180,81,121
Independence_Indy31_2020_prefire_NA_270,484,0
Independence_Indy31_2020_prefire_NA_90,125.44,784
Independence_Indy32_2020_prefire_NA_270,1369,0
Independence_Indy33_2020_prefire_NA_180,0,462.25
Independence_Indy33_2020_prefire_NA_270,0,132.25
Independence_Indy36_2020_prefire_NA_180,1600,86.49
Independence_Indy36_2020_prefire_NA_270,225,0
Independence_Indy37_2020_prefire_NA_180,0,289.81
Independence_Indy38_2020_prefire_NA_0,100,0
Independence_Indy38_2020_prefire_NA_90,225,0
Independence_Indy40_2020_prefire_NA_180,169,0
Independence_Indy40_2020_prefire_NA_90,722.77,60.84
LoneBobcatWoods_lbw1_2020_prefire_NA_0,0,225
LoneBobcatWoods_lbw1_2020_prefire_NA_180,0,236.25
LoneBobcatWoods_lbw1_2020_prefire_NA_270,0,169
LoneBobcatWoods_lbw2_2020_prefire_NA_0,0,433
LoneBobcatWoods_lbw2_2020_prefire_NA_180,3025,144
LoneBobcatWoods_lbw2_2020_prefire_NA_270,100,210.25
LoneBobcatWoods_lbw2_2020_prefire_NA_90,0,324
LoneBobcatWoods_lbw3_2020_prefire_NA_0,169,225
LoneBobcatWoods_lbw3_2020_prefire_NA_180,0,388
LoneBobcatWoods_lbw3_2020_prefire_NA_270,729,987
LoneBobcatWoods_lbw3_2020_prefire_NA_90,0,1585
LoneBobcatWoods_lbw4_2020_prefire_NA_270,0,90.25
LoneBobcatWoods_lbw5_2020_prefire_NA_0,0,164
LoneBobcatWoods_lbw5_2020_prefire_NA_180,0,121
LoneBobcatWoods_lbw5_2020_prefire_NA_270,0,8325
LoneBobcatWoods_lbw6_2020_prefire_NA_180,389,0
LoneBobcatWoods_lbw6_2020_prefire_NA_270,0,132.25
LoneBobcatWoods_lbw6_2020_prefire_NA_90,0,3018.25
LoneBobcatWoods_lbw7_2020_prefire_NA_0,0,519
LoneBobcatWoods_lbw7_2020_prefire_NA_180,0,285
LoneBobcatWoods_lbw7_2020_prefire_NA_270,0,1005.25
LoneBobcatWoods_lbw7_2020_prefire_NA_90,0,333
Modoc_1_2020_prefire_NA_0,100,5329
Modoc_1_2020_prefire_NA_180,256,0
Modoc_1_2020_prefire_NA_270,256,0
Modoc_1_2020_prefire_NA_90,898,144
Modoc_15_2020_prefire_NA_270,0,240.25
Modoc_2_2020_prefire_NA_0,325,1021.5
Modoc_2_2020_prefire_NA_180,81,0
Modoc_2_2020_prefire_NA_270,81,0
Modoc_2_2020_prefire_NA_90,0,64
Modoc_21_2020_prefire_NA_90,0,1066
Modoc_24_2020_prefire_NA_0,0,370
Modoc_24_2020_prefire_NA_180,0,484
Modoc_24_2020_prefire_NA_90,0,225
Modoc_25_2020_prefire_NA_180,7.29,16
Modoc_25_2020_prefire_NA_270,870.49,0
Modoc_25_2020_prefire_NA_90,12.25,0
Modoc_26_2020_prefire_NA_180,0,100
Modoc_26_2020_prefire_NA_270,0,81
Modoc_3_2020_prefire_NA_180,228,0
Modoc_3_2020_prefire_NA_270,0.01,0
Modoc_4_2020_prefire_NA_0,420.25,0
Modoc_4_2020_prefire_NA_180,0,225
Modoc_4_2020_prefire_NA_270,0,841
Modoc_4_2020_prefire_NA_90,90.25,154.25
Modoc_5_2020_prefire_NA_0,100,1936
Modoc_5_2020_prefire_NA_180,0,1369
Modoc_5_2020_prefire_NA_270,0,2021
Modoc_5_2020_prefire_NA_90,441,324
Modoc_6_2020_prefire_NA_270,1452,0
Modoc_6_2020_prefire_NA_90,506,0
Modoc_7_2020_prefire_NA_180,289,256
Modoc_7_2020_prefire_NA_270,1092,0
Modoc_7_2020_prefire_NA_90,324,169
Modoc_8_2020_prefire_NA_270,144,0
Modoc_9_2020_prefire_NA_180,0,144
Modoc_9_2020_prefire_NA_270,106.09,0
Modoc_9_2020_prefire_NA_90,0,156.25
slypark_hcp1_2019_prefire_NA_180,0,81
slypark_hcp11_2019_prefire_NA_0,196,0
slypark_hcp11_2019_prefire_NA_90,36,169
slypark_hcp3_2019_prefire_NA_180,0,100
slypark_hcp4_2019_prefire_NA_90,289,0
slypark_hcp6_2019_prefire_NA_180,0,144
slypark_hcp9_2019_prefire_NA_180,529,0
slypark_hcp9_2019_prefire_NA_270,100,0
slypark_spi1_2019_postfire_immediate_270,0,596
slypark_spi1_2019_prefire_NA_270,0,596
slypark_spi1_2021_postfire_1yr_270,0,544
slypark_spi10_2019_postfire_immediate_0,144,0
slypark_spi10_2019_postfire_immediate_180,90.25,0
slypark_spi10_2019_prefire_NA_0,144,0
slypark_spi10_2019_prefire_NA_180,90.25,0
slypark_spi10_2021_postfire_1yr_270,0,108.16
slypark_spi11_2019_postfire_immediate_270,225,0
slypark_spi11_2019_prefire_NA_270,225,0
slypark_spi11_2021_postfire_1yr_0,576,94.09
slypark_spi11_2021_postfire_1yr_270,0,94.09
slypark_spi2_2019_postfire_immediate_180,0,576
slypark_spi2_2019_postfire_immediate_270,196,0
slypark_spi2_2019_prefire_NA_180,0,696.96
slypark_spi2_2019_prefire_NA_270,0,1513.21
slypark_spi2_2021_postfire_1yr_0,0,252.29
slypark_spi2_2021_postfire_1yr_180,0,691.69
slypark_spi2_2021_postfire_1yr_270,0,277.25
slypark_spi2_2021_postfire_1yr_90,810.64,0
slypark_spi3_2019_postfire_immediate_270,0,81
slypark_spi3_2019_prefire_NA_270,0,81
slypark_spi4_2019_postfire_immediate_0,0,110.25
slypark_spi4_2019_prefire_NA_0,0,146.41
slypark_spi4_2019_prefire_NA_180,0,100
slypark_spi4_2019_prefire_NA_90,187.85,0
slypark_spi4_2021_postfire_1yr_0,0,92.16
slypark_spi4_2021_postfire_1yr_90,0,323.01
slypark_spi5_2021_postfire_1yr_180,0,100
slypark_spi6_2019_prefire_NA_0,169,0
slypark_spi6_2019_prefire_NA_90,0,65.61
slypark_spi6_2021_postfire_1yr_90,0,151.29
slypark_spi7_2019_postfire_immediate_0,81,0
slypark_spi7_2019_postfire_immediate_180,438.25,0
slypark_spi7_2019_postfire_immediate_270,256,441
slypark_spi7_2019_postfire_immediate_90,562.25,0
slypark_spi7_2019_prefire_NA_0,81,0
slypark_spi7_2019_prefire_NA_180,438.25,0
slypark_spi7_2019_prefire_NA_90,562.25,0
slypark_spi7_2021_postfire_1yr_180,624.49,0
slypark_spi7_2021_postfire_1yr_270,0,497.29
slypark_spi8_2019_postfire_immediate_180,0,400
slypark_spi8_2019_postfire_immediate_90,0,36
slypark_spi8_2019_prefire_NA_90,0,36
slypark_spi8_2021_postfire_1yr_180,0,81
springsfire_springs1_2019_postfire_immediate_270,0,1024
springsfire_springs1_2019_postfire_immediate_90,0,169
springsfire_springs1_2019_prefire_NA_270,0,1565
springsfire_springs10_2019_prefire_NA_0,8464,0
springsfire_springs10_2019_prefire_NA_180,1296,256
springsfire_springs10_2019_prefire_NA_90,0,256
springsfire_springs11_2019_postfire_immediate_180,0,156.25
springsfire_springs11_2019_postfire_immediate_90,0,121.76
springsfire_springs11_2019_prefire_NA_180,0,264.0625
springsfire_springs11_2019_prefire_NA_90,0,3481
springsfire_springs12_2019_postfire_immediate_270,0,72.25
springsfire_springs12_2019_prefire_NA_0,0,3410.56
springsfire_springs12_2019_prefire_NA_180,144,88.36
springsfire_springs12_2019_prefire_NA_270,0,56.25
springsfire_springs12_2020_postfire_1yr_0,0,110.25
springsfire_springs12_2020_postfire_1yr_270,0,72.25
springsfire_springs13_2019_postfire_immediate_90,0,246.5
springsfire_springs13_2019_prefire_NA_0,676,0
springsfire_springs13_2019_prefire_NA_180,100,225
springsfire_springs13_2019_prefire_NA_270,0,7225
springsfire_springs13_2019_prefire_NA_90,0,6125
springsfire_springs13_2020_postfire_1yr_90,0,100
springsfire_springs14_2019_postfire_immediate_0,0,1062.76
springsfire_springs15_2019_prefire_NA_0,0,64
springsfire_springs16_2019_postfire_immediate_90,225,0
springsfire_springs16_2020_postfire_1yr_90,0,240.25
springsfire_springs17_2019_postfire_immediate_0,0,276.25
springsfire_springs17_2020_postfire_1yr_0,0,266
springsfire_springs18_2019_postfire_immediate_270,0,296
springsfire_springs18_2019_postfire_immediate_90,0,484
springsfire_springs18_2019_prefire_NA_0,0,174.25
springsfire_springs18_2019_prefire_NA_180,0,324
springsfire_springs18_2019_prefire_NA_270,0,544
springsfire_springs18_2019_prefire_NA_90,0,484
springsfire_springs18_2020_postfire_1yr_90,0,506.25
springsfire_springs19_2019_postfire_immediate_180,64,0
springsfire_springs19_2019_postfire_immediate_270,0,326.25
springsfire_springs19_2019_prefire_NA_180,400,81
springsfire_springs19_2019_prefire_NA_270,0,421
springsfire_springs19_2019_prefire_NA_90,100,784
springsfire_springs19_2020_postfire_1yr_270,139.24,0
springsfire_springs2_2019_prefire_NA_270,1458,94.09
springsfire_springs2_2020_postfire_1yr_90,17.64,0
springsfire_springs20_2019_prefire_NA_0,798.41,225
springsfire_springs20_2019_prefire_NA_180,0,125.44
springsfire_springs20_2019_prefire_NA_270,0,361
springsfire_springs20_2019_prefire_NA_90,0,144
springsfire_springs20_2020_postfire_1yr_180,0,125.44
springsfire_springs21_2019_prefire_NA_0,0,521
springsfire_springs21_2019_prefire_NA_180,625,1024
springsfire_springs21_2019_prefire_NA_270,196,0
springsfire_springs21_2019_prefire_NA_90,625,0
springsfire_springs21_2020_postfire_1yr_270,0,110.25
springsfire_springs22_2019_postfire_immediate_180,0,400
springsfire_springs22_2019_prefire_NA_0,0,121
springsfire_springs22_2019_prefire_NA_180,0,400
springsfire_springs22_2019_prefire_NA_270,100,0
springsfire_springs22_2020_postfire_1yr_180,0,342.25
springsfire_springs24_2019_postfire_immediate_0,0,81
springsfire_springs24_2019_prefire_NA_0,0,260
springsfire_springs25_2019_postfire_immediate_270,0,100
springsfire_springs25_2019_prefire_NA_0,121,0
springsfire_springs25_2019_prefire_NA_180,2304,0
springsfire_springs26_2019_postfire_immediate_0,0,215.24
springsfire_springs26_2019_postfire_immediate_270,0,250
springsfire_springs26_2019_postfire_immediate_90,0,121
springsfire_springs26_2019_prefire_NA_0,0,268.25
springsfire_springs26_2019_prefire_NA_180,0,486
springsfire_springs26_2019_prefire_NA_270,0,90.25
springsfire_springs26_2019_prefire_NA_90,0,144
springsfire_springs26_2020_postfire_1yr_0,0,416.5
springsfire_springs26_2020_postfire_1yr_180,0,64
springsfire_springs26_2020_postfire_1yr_270,0,81
springsfire_springs26_2020_postfire_1yr_90,0,121
springsfire_springs29_2019_prefire_NA_180,0,221
springsfire_springs29_2020_postfire_1yr_180,0,86.49
springsfire_springs30_2019_prefire_NA_180,0,64
springsfire_springs31_2020_postfire_1yr_90,0,306.25
springsfire_springs32_2019_prefire_NA_270,729,0
springsfire_springs32_2019_prefire_NA_90,0,121
springsfire_springs33_2020_postfire_1yr_270,0,576
springsfire_springs34_2020_postfire_1yr_270,0,256
springsfire_springs35_2020_postfire_1yr_270,0,408.5
springsfire_springs38_2019_prefire_NA_180,0,49
springsfire_springs4_2019_postfire_immediate_0,0,144
springsfire_springs4_2019_prefire_NA_0,62.41,81
springsfire_springs4_2019_prefire_NA_270,0,64
springsfire_springs4_2020_postfire_1yr_0,312.04,0
springsfire_springs4_2020_postfire_1yr_270,0,72.25
springsfire_springs41_2020_postfire_1yr_0,0,43.56
springsfire_springs41_2020_postfire_1yr_180,0,15.21
springsfire_springs42_2020_postfire_1yr_180,0,144
springsfire_springs42_2020_postfire_1yr_270,0,579.5
springsfire_springs46_2020_postfire_1yr_180,100,0
springsfire_springs47_2020_postfire_1yr_0,0,356.75
springsfire_springs47_2020_postfire_1yr_270,1369,0
springsfire_springs47_2020_postfire_1yr_90,29.38,0
springsfire_springs48_2020_postfire_1yr_0,0,70.56
springsfire_springs48_2020_postfire_1yr_270,0,225
springsfire_springs48_2020_postfire_1yr_90,0,70.56
springsfire_springs49_2020_postfire_1yr_0,0,182.25
springsfire_springs49_2020_postfire_1yr_180,0,196
springsfire_springs5_2019_prefire_NA_0,0,841
springsfire_springs5_2019_prefire_NA_270,400,0
springsfire_springs5_2020_postfire_1yr_0,0,153.76
springsfire_springs5_2020_postfire_1yr_270,0,43.56
springsfire_springs50_2020_postfire_1yr_270,0,900
springsfire_springs51_2020_postfire_1yr_0,0,182.25
springsfire_springs51_2020_postfire_1yr_90,441,246.25
springsfire_springs6_2020_postfire_1yr_270,0,64
springsfire_springs7_2020_postfire_1yr_90,42.25,0
springsfire_springs9_2019_prefire_NA_90,6400,144
springsfire_springs9_2020_postfire_1yr_0,1963.25,369.5
springsfire_springs9_2020_postfire_1yr_90,905,353.25
SugarPineSP_sugarpine1_2020_prefire_NA_180,1600,0
SugarPineSP_sugarpine1_2020_prefire_NA_270,4625,832
SugarPineSP_sugarpine1_2020_prefire_NA_90,225,0
SugarPineSP_sugarpine2_2020_prefire_NA_0,0,9476
SugarPineSP_sugarpine2_2020_prefire_NA_180,0,213.25
SugarPineSP_sugarpine2_2020_prefire_NA_270,0,395.5
SugarPineSP_sugarpine2_2020_prefire_NA_90,0,242.5
Valentine_VR1_2019_prefire_NA_0,0,0
Valentine_VR1_2019_prefire_NA_180,0,0
Valentine_VR1_2019_prefire_NA_270,0,0
Valentine_VR10_2019_prefire_NA_0,0,0
Valentine_VR10_2019_prefire_NA_180,0,0
Valentine_VR10_2019_prefire_NA_270,0,0
Valentine_VR10_2019_prefire_NA_90,0,0
Valentine_VR10N_2019_prefire_NA_0,4160,0
Valentine_VR10N_2019_prefire_NA_180,5941,3797
Valentine_VR10N_2019_prefire_NA_270,0,1156
Valentine_VR10N_2019_prefire_NA_90,0,324
Valentine_VR11_2019_prefire_NA_0,0,420.25
Valentine_VR11N_2019_prefire_NA_0,225,4761
Valentine_VR11N_2019_prefire_NA_180,3104,0
Valentine_VR12_2019_prefire_NA_0,3170,144
Valentine_VR12_2019_prefire_NA_180,2026.4884,0
Valentine_VR12_2019_prefire_NA_270,2665,0
Valentine_VR12_2019_prefire_NA_90,1108,2669
Valentine_VR12N_2019_prefire_NA_0,1538,0
Valentine_VR12N_2019_prefire_NA_90,1369,0
Valentine_VR13_2019_prefire_NA_0,144,0
Valentine_VR13_2019_prefire_NA_180,0,2760.5
Valentine_VR13_2019_prefire_NA_270,3377.5,625
Valentine_VR13_2019_prefire_NA_90,0.81,0
Valentine_VR13N_2019_prefire_NA_0,0,277
Valentine_VR13N_2019_prefire_NA_180,0,521
Valentine_VR13N_2019_prefire_NA_90,361,338
Valentine_VR14N_2019_prefire_NA_0,9250,0
Valentine_VR14N_2019_prefire_NA_180,0,0.2025
Valentine_VR19_2019_prefire_NA_0,0,2304
Valentine_VR19_2019_prefire_NA_180,0,441
Valentine_VR19_2019_prefire_NA_270,0,1024
Valentine_VR19_2019_prefire_NA_90,729,0
Valentine_VR1N_2019_prefire_NA_0,0,0
Valentine_VR1N_2019_prefire_NA_180,0,0
Valentine_VR1N_2019_prefire_NA_270,0,0
Valentine_VR1N_2019_prefire_NA_90,0,0
Valentine_VR2_2019_prefire_NA_0,1369,841
Valentine_VR2_2019_prefire_NA_180,1369,841
Valentine_VR2_2019_prefire_NA_270,1521,961
Valentine_VR2_2019_prefire_NA_90,0,64
Valentine_VR20_2019_prefire_NA_0,0,289
Valentine_VR20_2019_prefire_NA_180,784,0
Valentine_VR20_2019_prefire_NA_270,6928,0
Valentine_VR20_2019_prefire_NA_90,0,324
Valentine_VR20N_2019_prefire_NA_0,2500,272.25
Valentine_VR20N_2019_prefire_NA_270,0,0.81
Valentine_VR20N_2019_prefire_NA_90,0.09,0
Valentine_VR21_2019_prefire_NA_0,1156,0
Valentine_VR21_2019_prefire_NA_180,0,225
Valentine_VR21_2019_prefire_NA_270,0,196
Valentine_VR21N_2019_prefire_NA_0,324,0
Valentine_VR21N_2019_prefire_NA_180,6980,0.1521
Valentine_VR21N_2019_prefire_NA_270,225,400
Valentine_VR21N_2019_prefire_NA_90,0,121
Valentine_VR22N_2019_prefire_NA_0,289,72.25
Valentine_VR22N_2019_prefire_NA_180,843.5,1212.25
Valentine_VR22N_2019_prefire_NA_270,196,326
Valentine_VR22N_2019_prefire_NA_90,1144,0
Valentine_VR23_2019_prefire_NA_0,0,2239.25
Valentine_VR23_2019_prefire_NA_180,196,169
Valentine_VR23_2019_prefire_NA_270,100,729
Valentine_VR23_2019_prefire_NA_90,0,1845
Valentine_VR24_2019_prefire_NA_0,342.25,90.25
Valentine_VR24_2019_prefire_NA_180,747.25,0
Valentine_VR24_2019_prefire_NA_270,754,0
Valentine_VR24_2019_prefire_NA_90,900,0
Valentine_VR25_2019_prefire_NA_0,0,324
Valentine_VR25_2019_prefire_NA_90,586,0
Valentine_VR25N_2019_prefire_NA_0,169,0
Valentine_VR26N_2019_prefire_NA_90,0,0
Valentine_VR26S_2019_prefire_NA_180,0,841
Valentine_VR29_2019_prefire_NA_0,529,3501
Valentine_VR29_2019_prefire_NA_180,2873,1681
Valentine_VR29_2019_prefire_NA_270,1432.89,1024
Valentine_VR29_2019_prefire_NA_90,228.4225,2260
Valentine_VR2N_2019_prefire_NA_0,0,200
Valentine_VR2N_2019_prefire_NA_180,0,1988
Valentine_VR2N_2019_prefire_NA_270,0,941
Valentine_VR2N_2019_prefire_NA_90,0,941
Valentine_VR3_2019_prefire_NA_180,0,0
Valentine_VR3_2019_prefire_NA_270,0,0
Valentine_VR3_2019_prefire_NA_90,0,0
Valentine_VR30_2019_prefire_NA_0,0,0
Valentine_VR30_2019_prefire_NA_180,0,0
Valentine_VR30_2019_prefire_NA_90,0,0
Valentine_VR30N_2019_prefire_NA_180,0,0
Valentine_VR30N_2019_prefire_NA_90,0,196
Valentine_VR31_2019_prefire_NA_0,4850,0
Valentine_VR31_2019_prefire_NA_270,4090,0
Valentine_VR31N_2019_prefire_NA_0,576,0
Valentine_VR31N_2019_prefire_NA_180,0,81
Valentine_VR31N_2019_prefire_NA_270,2561,0
Valentine_VR31N_2019_prefire_NA_90,0,121
Valentine_VR33_2019_prefire_NA_0,1444,0
Valentine_VR33_2019_prefire_NA_180,441,0
Valentine_VR33_2019_prefire_NA_270,0,1089
Valentine_VR33_2019_prefire_NA_90,0,2809
Valentine_VR33N_2019_prefire_NA_0,361,196
Valentine_VR33N_2019_prefire_NA_180,0,2536
Valentine_VR33N_2019_prefire_NA_270,100,0
Valentine_VR34_2019_prefire_NA_270,0,10404
Valentine_VR35N_2019_prefire_NA_180,0,0
Valentine_VR3N_2019_prefire_NA_0,0,0
Valentine_VR3N_2019_prefire_NA_270,0,0
Valentine_VR3N_2019_prefire_NA_90,0,0
Valentine_VR4_2019_prefire_NA_0,1225,0
Valentine_VR4_2019_prefire_NA_270,4149,169
Valentine_VR40_2019_prefire_NA_0,2500,0
Valentine_VR40_2019_prefire_NA_180,144,0
Valentine_VR40_2019_prefire_NA_270,121,0
Valentine_VR40_2019_prefire_NA_90,3321,0
Valentine_VR40E_2019_prefire_NA_0,0,900
Valentine_VR40E_2019_prefire_NA_270,0,1764
Valentine_VR40E_2019_prefire_NA_90,441,0
Valentine_VR43_2019_prefire_NA_0,2116,0
Valentine_VR43_2019_prefire_NA_180,196,210.25
Valentine_VR43_2019_prefire_NA_90,6241,0
Valentine_VR44_2019_prefire_NA_0,0,1156
Valentine_VR44_2019_prefire_NA_180,1513,2500
Valentine_VR44_2019_prefire_NA_270,520,481
Valentine_VR44_2019_prefire_NA_90,529,2025
Valentine_VR4N_2019_prefire_NA_90,0,484
Valentine_VR52_2019_prefire_NA_0,100,0
